Frame,x,y,speed,vec x,vec y
7.0,678.0,431.0,2.0,1.0,0.0
11.0,0.0,0.0,1.0,1.0,0.0
11.0,0.0,0.0,0.6666666666666666,1.0,0.0
11.0,0.0,0.0,0.5,1.0,0.0
15.0,0.0,0.0,1.0,1.0,0.0
15.0,0.0,0.0,0.6666666666666666,1.0,0.0
15.0,0.0,0.0,0.5,1.0,0.0
19.0,0.0,0.0,1.0,1.0,0.0
19.0,0.0,0.0,0.6666666666666666,1.0,0.0
19.0,0.0,0.0,0.5,1.0,0.0
23.0,0.0,0.0,1.0,1.0,0.0
23.0,632.0,311.0,128.51459061133875,0.35793601163245237,0.9337461173020497
23.0,622.0,228.0,83.60023923410746,0.11961688257849114,0.9928201254014765
27.0,617.0,186.0,42.2965719651132,0.11821288978511235,0.9929882741949437
27.0,612.0,146.0,40.311288741492746,0.12403473458920847,0.9922778767136677
27.0,606.0,101.0,45.39823785126467,0.13216372009101796,0.9912279006826347
31.0,601.0,42.0,59.21148537234985,0.08444307668618062,0.9964283048969312
31.0,601.0,41.0,1.0,0.0,1.0
31.0,598.0,20.0,21.213203435596427,0.1414213562373095,0.9899494936611665
35.0,0.0,0.0,10.606601717798213,0.1414213562373095,0.9899494936611665
35.0,0.0,0.0,7.0710678118654755,0.1414213562373095,0.9899494936611665
35.0,0.0,0.0,5.303300858899107,0.1414213562373095,0.9899494936611665
39.0,0.0,0.0,10.606601717798213,0.1414213562373095,0.9899494936611665
39.0,0.0,0.0,7.0710678118654755,0.1414213562373095,0.9899494936611665
39.0,0.0,0.0,5.303300858899107,0.1414213562373095,0.9899494936611665
43.0,0.0,0.0,10.606601717798213,0.1414213562373095,0.9899494936611665
43.0,0.0,0.0,7.0710678118654755,0.1414213562373095,0.9899494936611665
43.0,0.0,0.0,5.303300858899107,0.1414213562373095,0.9899494936611665
47.0,0.0,0.0,10.606601717798213,0.1414213562373095,0.9899494936611665
47.0,0.0,0.0,7.0710678118654755,0.1414213562373095,0.9899494936611665
47.0,0.0,0.0,5.303300858899107,0.1414213562373095,0.9899494936611665
51.0,0.0,0.0,10.606601717798213,0.1414213562373095,0.9899494936611665
51.0,0.0,0.0,7.0710678118654755,0.1414213562373095,0.9899494936611665
51.0,0.0,0.0,5.303300858899107,0.1414213562373095,0.9899494936611665
55.0,0.0,0.0,10.606601717798213,0.1414213562373095,0.9899494936611665
55.0,0.0,0.0,7.0710678118654755,0.1414213562373095,0.9899494936611665
55.0,0.0,0.0,5.303300858899107,0.1414213562373095,0.9899494936611665
59.0,0.0,0.0,10.606601717798213,0.1414213562373095,0.9899494936611665
59.0,0.0,0.0,7.0710678118654755,0.1414213562373095,0.9899494936611665
59.0,0.0,0.0,5.303300858899107,0.1414213562373095,0.9899494936611665
63.0,0.0,0.0,10.606601717798213,0.1414213562373095,0.9899494936611665
63.0,0.0,0.0,7.0710678118654755,0.1414213562373095,0.9899494936611665
63.0,586.0,11.0,15.0,0.8,0.6
67.0,586.0,38.0,27.0,0.0,-1.0
67.0,586.0,38.0,0.0,0.0,0.0
67.0,586.0,52.0,14.0,0.0,-1.0
71.0,586.0,81.0,29.0,0.0,-1.0
71.0,588.0,96.0,15.132745950421556,-0.13216372009101796,-0.9912279006826347
71.0,588.0,111.0,15.0,0.0,-1.0
75.0,588.0,128.0,17.0,0.0,-1.0
75.0,588.0,142.0,14.0,0.0,-1.0
75.0,591.0,161.0,19.235384061671343,-0.1559625734730109,-0.9877629653290692
79.0,591.0,193.0,32.0,0.0,-1.0
79.0,591.0,195.0,2.0,0.0,-1.0
79.0,592.0,207.0,12.041594578792296,-0.08304547985373997,-0.9965457582448796
83.0,0.0,0.0,6.020797289396148,-0.08304547985373997,-0.9965457582448796
83.0,0.0,0.0,4.013864859597432,-0.08304547985373997,-0.9965457582448796
83.0,681.0,186.0,91.44397191723465,-0.9732735590329926,0.22964881729991962
87.0,698.0,186.0,17.0,-1.0,0.0
87.0,708.0,186.0,10.0,-1.0,0.0
87.0,721.0,186.0,13.0,-1.0,0.0
91.0,740.0,193.0,20.248456731316587,-0.9383431168171101,-0.34570535882735637
91.0,741.0,193.0,1.0,-1.0,0.0
91.0,751.0,197.0,10.770329614269007,-0.9284766908852594,-0.3713906763541037
95.0,766.0,208.0,18.601075237738275,-0.8064049958557055,-0.5913636636275174
95.0,773.0,216.0,10.63014581273465,-0.658504607868518,-0.7525766947068778
95.0,781.0,225.0,12.041594578792296,-0.6643638388299198,-0.7474093186836597
99.0,786.0,235.0,11.180339887498949,-0.4472135954999579,-0.8944271909999159
99.0,793.0,243.0,10.63014581273465,-0.658504607868518,-0.7525766947068778
99.0,801.0,255.0,14.422205101855956,-0.5547001962252291,-0.8320502943378437
103.0,811.0,281.0,27.85677655436824,-0.3589790793088691,-0.9333456062030595
103.0,811.0,281.0,0.0,0.0,0.0
103.0,816.0,296.0,15.811388300841896,-0.31622776601683794,-0.9486832980505138
107.0,826.0,326.0,31.622776601683793,-0.31622776601683794,-0.9486832980505138
107.0,828.0,341.0,15.132745950421556,-0.13216372009101796,-0.9912279006826347
107.0,831.0,356.0,15.297058540778355,-0.19611613513818402,-0.9805806756909201
111.0,836.0,376.0,20.615528128088304,-0.24253562503633297,-0.9701425001453319
111.0,840.0,391.0,15.524174696260024,-0.25766265056033233,-0.9662349396012463
111.0,842.0,411.0,20.09975124224178,-0.09950371902099892,-0.9950371902099892
115.0,0.0,0.0,10.04987562112089,-0.09950371902099892,-0.9950371902099892
115.0,0.0,0.0,6.69991708074726,-0.09950371902099892,-0.9950371902099892
115.0,0.0,0.0,5.024937810560445,-0.09950371902099892,-0.9950371902099892
119.0,0.0,0.0,10.04987562112089,-0.09950371902099892,-0.9950371902099892
119.0,806.0,351.0,69.9714227381436,0.5144957554275266,0.8574929257125442
119.0,801.0,341.0,11.180339887498949,0.4472135954999579,0.8944271909999159
123.0,796.0,333.0,9.433981132056603,0.52999894000318,0.847998304005088
123.0,793.0,328.0,5.830951894845301,0.5144957554275265,0.8574929257125441
123.0,791.0,326.0,2.8284271247461903,0.7071067811865475,0.7071067811865475
127.0,786.0,321.0,7.0710678118654755,0.7071067811865475,0.7071067811865475
127.0,786.0,321.0,0.0,0.0,0.0
127.0,783.0,321.0,3.0,1.0,0.0
131.0,780.0,326.0,5.830951894845301,0.5144957554275265,-0.8574929257125441
131.0,778.0,328.0,2.8284271247461903,0.7071067811865475,-0.7071067811865475
131.0,777.0,331.0,3.1622776601683795,0.31622776601683794,-0.9486832980505138
135.0,776.0,336.0,5.0990195135927845,0.19611613513818404,-0.9805806756909202
135.0,776.0,343.0,7.0,0.0,-1.0
135.0,776.0,346.0,3.0,0.0,-1.0
139.0,778.0,331.0,15.132745950421556,-0.13216372009101796,0.9912279006826347
139.0,778.0,330.0,1.0,0.0,1.0
139.0,778.0,321.0,9.0,0.0,1.0
143.0,776.0,306.0,15.132745950421556,0.13216372009101796,0.9912279006826347
143.0,776.0,301.0,5.0,0.0,1.0
143.0,776.0,298.0,3.0,0.0,1.0
147.0,776.0,296.0,2.0,0.0,1.0
147.0,776.0,296.0,0.0,0.0,0.0
147.0,778.0,296.0,2.0,-1.0,0.0
151.0,778.0,301.0,5.0,0.0,-1.0
151.0,778.0,301.0,0.0,0.0,0.0
151.0,778.0,306.0,5.0,0.0,-1.0
155.0,776.0,316.0,10.198039027185569,0.19611613513818404,-0.9805806756909202
155.0,776.0,326.0,10.0,0.0,-1.0
155.0,776.0,332.0,6.0,0.0,-1.0
159.0,776.0,343.0,11.0,0.0,-1.0
159.0,776.0,353.0,10.0,0.0,-1.0
159.0,776.0,363.0,10.0,0.0,-1.0
163.0,776.0,390.0,27.0,0.0,-1.0
163.0,776.0,391.0,1.0,0.0,-1.0
163.0,776.0,405.0,14.0,0.0,-1.0
167.0,776.0,428.0,23.0,0.0,-1.0
167.0,778.0,418.0,10.198039027185569,-0.19611613513818404,0.9805806756909202
167.0,778.0,403.0,15.0,0.0,1.0
171.0,778.0,391.0,12.0,0.0,1.0
171.0,778.0,381.0,10.0,0.0,1.0
171.0,778.0,376.0,5.0,0.0,1.0
175.0,776.0,366.0,10.198039027185569,0.19611613513818404,0.9805806756909202
175.0,776.0,363.0,3.0,0.0,1.0
175.0,776.0,360.0,3.0,0.0,1.0
179.0,781.0,353.0,8.602325267042627,-0.5812381937190965,0.813733471206735
179.0,781.0,353.0,0.0,0.0,0.0
179.0,781.0,356.0,3.0,0.0,-1.0
183.0,781.0,358.0,2.0,0.0,-1.0
183.0,781.0,362.0,4.0,0.0,-1.0
183.0,781.0,366.0,4.0,0.0,-1.0
187.0,778.0,378.0,12.36931687685298,0.242535625036333,-0.970142500145332
187.0,780.0,381.0,3.605551275463989,-0.5547001962252291,-0.8320502943378437
187.0,781.0,382.0,1.4142135623730951,-0.7071067811865475,-0.7071067811865475
191.0,782.0,398.0,16.0312195418814,-0.06237828615518053,-0.9980525784828885
191.0,783.0,411.0,13.038404810405298,-0.07669649888473704,-0.9970544855015815
191.0,776.0,386.0,25.96150997149434,0.2696299255199709,0.9629640197141817
195.0,766.0,338.0,49.03060268852505,0.20395425411200105,0.9789804197376051
195.0,758.0,311.0,28.160255680657446,0.284088329691374,0.9587981127083872
195.0,752.0,288.0,23.769728648009426,0.25242189714700275,0.9676172723968438
199.0,741.0,246.0,43.41658669218482,0.2533593918376833,0.9673722233802453
199.0,741.0,246.0,0.0,0.0,0.0
199.0,736.0,226.0,20.615528128088304,0.24253562503633297,0.9701425001453319
203.0,726.0,201.0,26.92582403567252,0.3713906763541037,0.9284766908852593
203.0,723.0,190.0,11.40175425099138,0.2631174057921088,0.9647638212377322
203.0,720.0,181.0,9.486832980505138,0.31622776601683794,0.9486832980505138
207.0,716.0,173.0,8.944271909999161,0.4472135954999579,0.8944271909999159
207.0,711.0,168.0,7.0710678118654755,0.7071067811865475,0.7071067811865475
207.0,708.0,165.0,4.242640687119285,0.7071067811865476,0.7071067811865476
211.0,703.0,161.0,6.4031242374328485,0.7808688094430304,0.6246950475544243
211.0,701.0,161.0,2.0,1.0,0.0
211.0,700.0,161.0,1.0,1.0,0.0
215.0,691.0,166.0,10.295630140987003,0.8741572761215377,-0.48564293117863205
215.0,688.0,168.0,3.605551275463989,0.8320502943378437,-0.5547001962252291
215.0,686.0,173.0,5.385164807134504,0.3713906763541037,-0.9284766908852594
219.0,681.0,181.0,9.433981132056603,0.52999894000318,-0.847998304005088
219.0,678.0,191.0,10.44030650891055,0.2873478855663454,-0.9578262852211513
219.0,675.0,198.0,7.615773105863909,0.39391929857916763,-0.9191450300180578
223.0,668.0,222.0,25.0,0.28,-0.96
223.0,668.0,222.0,0.0,0.0,0.0
223.0,663.0,236.0,14.866068747318506,0.3363363969981562,-0.9417419115948374
227.0,658.0,265.0,29.427877939124322,0.16990691650764622,-0.985460115744348
227.0,656.0,281.0,16.1245154965971,0.12403473458920847,-0.9922778767136677
227.0,651.0,296.0,15.811388300841896,0.31622776601683794,-0.9486832980505138
231.0,650.0,316.0,20.024984394500787,0.04993761694389223,-0.9987523388778445
231.0,646.0,332.0,16.492422502470642,0.24253562503633297,-0.9701425001453319
231.0,646.0,350.0,18.0,0.0,-1.0
235.0,0.0,0.0,9.0,0.0,-1.0
235.0,0.0,0.0,6.0,0.0,-1.0
235.0,0.0,0.0,4.5,0.0,-1.0
239.0,593.0,377.0,59.481089431852205,0.8910394968592896,-0.4539257814188834
239.0,571.0,358.0,29.068883707497267,0.7568230077691596,0.6536198703460924
239.0,558.0,348.0,16.401219466856727,0.7926239891046,0.6097107608496923
243.0,546.0,341.0,13.892443989449804,0.8637789008984335,0.5038710255240862
243.0,536.0,336.0,11.180339887498949,0.8944271909999159,0.4472135954999579
243.0,528.0,331.0,9.433981132056603,0.847998304005088,0.52999894000318
247.0,515.0,328.0,13.341664064126332,0.9743911956946198,0.22485950669875843
247.0,513.0,328.0,2.0,1.0,0.0
247.0,508.0,330.0,5.385164807134504,0.9284766908852594,-0.3713906763541037
251.0,498.0,333.0,10.44030650891055,0.9578262852211513,-0.2873478855663454
251.0,496.0,336.0,3.605551275463989,0.5547001962252291,-0.8320502943378437
251.0,491.0,341.0,7.0710678118654755,0.7071067811865475,-0.7071067811865475
255.0,487.0,346.0,6.4031242374328485,0.6246950475544243,-0.7808688094430304
255.0,485.0,353.0,7.280109889280518,0.27472112789737807,-0.9615239476408232
255.0,482.0,358.0,5.830951894845301,0.5144957554275265,-0.8574929257125441
259.0,478.0,372.0,14.560219778561036,0.27472112789737807,-0.9615239476408232
259.0,478.0,372.0,0.0,0.0,0.0
259.0,476.0,383.0,11.180339887498949,0.17888543819998318,-0.9838699100999074
263.0,473.0,401.0,18.24828759089466,0.1643989873053573,-0.9863939238321437
263.0,471.0,391.0,10.198039027185569,0.19611613513818404,0.9805806756909202
263.0,473.0,381.0,10.198039027185569,-0.19611613513818404,0.9805806756909202
267.0,473.0,371.0,10.0,0.0,1.0
267.0,476.0,363.0,8.54400374531753,-0.3511234415883917,0.9363291775690445
267.0,476.0,356.0,7.0,0.0,1.0
271.0,473.0,353.0,4.242640687119285,0.7071067811865476,0.7071067811865476
271.0,473.0,353.0,0.0,0.0,0.0
271.0,473.0,353.0,0.0,0.0,0.0
275.0,472.0,353.0,1.0,1.0,0.0
275.0,473.0,356.0,3.1622776601683795,-0.31622776601683794,-0.9486832980505138
275.0,473.0,361.0,5.0,0.0,-1.0
279.0,473.0,366.0,5.0,0.0,-1.0
279.0,473.0,371.0,5.0,0.0,-1.0
279.0,473.0,378.0,7.0,0.0,-1.0
283.0,473.0,396.0,18.0,0.0,-1.0
283.0,473.0,397.0,1.0,0.0,-1.0
283.0,473.0,406.0,9.0,0.0,-1.0
287.0,471.0,431.0,25.07987240796891,0.07974522228289,-0.996815278536125
287.0,471.0,443.0,12.0,0.0,-1.0
287.0,471.0,460.0,17.0,0.0,-1.0
291.0,471.0,472.0,12.0,0.0,-1.0
291.0,470.0,450.0,22.02271554554524,0.045407660918649985,0.9989685402102997
291.0,468.0,401.0,49.040799340956916,0.04078236951430928,0.9991680531005774
295.0,466.0,328.0,73.02739212103907,0.027386983731872896,0.9996249062133608
295.0,466.0,328.0,0.0,0.0,0.0
295.0,466.0,297.0,31.0,0.0,1.0
299.0,463.0,255.0,42.1070065428546,0.07124704998790965,0.997458699830735
299.0,463.0,237.0,18.0,0.0,1.0
299.0,463.0,221.0,16.0,0.0,1.0
303.0,463.0,211.0,10.0,0.0,1.0
303.0,463.0,198.0,13.0,0.0,1.0
303.0,463.0,191.0,7.0,0.0,1.0
307.0,463.0,178.0,13.0,0.0,1.0
307.0,463.0,178.0,0.0,0.0,0.0
307.0,463.0,176.0,2.0,0.0,1.0
311.0,466.0,171.0,5.830951894845301,-0.5144957554275265,0.8574929257125441
311.0,466.0,171.0,0.0,0.0,0.0
311.0,466.0,171.0,0.0,0.0,0.0
315.0,466.0,175.0,4.0,0.0,-1.0
315.0,466.0,177.0,2.0,0.0,-1.0
315.0,467.0,181.0,4.123105625617661,-0.24253562503633297,-0.9701425001453319
319.0,470.0,193.0,12.36931687685298,-0.242535625036333,-0.970142500145332
319.0,471.0,195.0,2.2360679774997902,-0.4472135954999579,-0.8944271909999159
319.0,471.0,200.0,5.0,0.0,-1.0
323.0,471.0,216.0,16.0,0.0,-1.0
323.0,473.0,228.0,12.165525060596439,-0.1643989873053573,-0.9863939238321437
323.0,473.0,237.0,9.0,0.0,-1.0
327.0,496.0,238.0,23.021728866442675,-0.9990561583550596,-0.04343722427630694
327.0,531.0,228.0,36.40054944640259,-0.9615239476408232,0.274721127897378
327.0,551.0,223.0,20.615528128088304,-0.9701425001453319,0.24253562503633297
331.0,587.0,218.0,36.345563690772494,-0.9904922731777517,0.13756837127468774
331.0,588.0,218.0,1.0,-1.0,0.0
331.0,601.0,218.0,13.0,-1.0,0.0
335.0,626.0,221.0,25.179356624028344,-0.992876838486922,-0.11914522061843064
335.0,637.0,223.0,11.180339887498949,-0.9838699100999074,-0.17888543819998318
335.0,650.0,228.0,13.92838827718412,-0.9333456062030595,-0.3589790793088691
339.0,658.0,233.0,9.433981132056603,-0.847998304005088,-0.52999894000318
339.0,670.0,241.0,14.422205101855956,-0.8320502943378437,-0.5547001962252291
339.0,676.0,246.0,7.810249675906655,-0.7682212795973759,-0.6401843996644799
343.0,693.0,265.0,25.495097567963924,-0.6667948594698258,-0.7452413135250994
343.0,695.0,266.0,2.2360679774997902,-0.8944271909999159,-0.4472135954999579
343.0,701.0,273.0,9.219544457292887,-0.6507913734559685,-0.7592566023652966
347.0,716.0,296.0,27.459060435491963,-0.5462677805469223,-0.8376105968386142
347.0,721.0,310.0,14.866068747318506,-0.3363363969981562,-0.9417419115948374
347.0,727.0,323.0,14.317821063276353,-0.4190581774617469,-0.9079593845004517
351.0,732.0,336.0,13.92838827718412,-0.3589790793088691,-0.9333456062030595
351.0,738.0,353.0,18.027756377319943,-0.3328201177351375,-0.9429903335828895
351.0,742.0,366.0,13.601470508735444,-0.2940858488375231,-0.95577900872195
355.0,751.0,401.0,36.138621999185304,-0.24904103981061848,-0.9684929325968497
355.0,753.0,401.0,2.0,-1.0,0.0
355.0,756.0,417.0,16.278820596099706,-0.18428853505018536,-0.9828721869343219
359.0,763.0,446.0,29.832867780352597,-0.23464053310389682,-0.9720822085732868
359.0,768.0,422.0,24.515301344262525,-0.20395425411200105,0.9789804197376051
359.0,771.0,396.0,26.1725046566048,-0.11462410798513052,0.9934089358711311
363.0,773.0,381.0,15.132745950421556,-0.13216372009101796,0.9912279006826347
363.0,776.0,368.0,13.341664064126332,-0.22485950669875843,0.9743911956946198
363.0,776.0,361.0,7.0,0.0,1.0
367.0,780.0,351.0,10.770329614269007,-0.3713906763541037,0.9284766908852594
367.0,781.0,351.0,1.0,-1.0,0.0
367.0,781.0,348.0,3.0,0.0,1.0
371.0,785.0,347.0,4.123105625617661,-0.9701425001453319,0.24253562503633297
371.0,786.0,348.0,1.4142135623730951,-0.7071067811865475,-0.7071067811865475
371.0,786.0,351.0,3.0,0.0,-1.0
375.0,788.0,353.0,2.8284271247461903,-0.7071067811865475,-0.7071067811865475
375.0,791.0,356.0,4.242640687119285,-0.7071067811865476,-0.7071067811865476
375.0,791.0,361.0,5.0,0.0,-1.0
379.0,0.0,0.0,2.5,0.0,-1.0
379.0,0.0,0.0,1.6666666666666667,0.0,-1.0
379.0,795.0,381.0,20.396078054371138,-0.19611613513818404,-0.9805806756909202
383.0,773.0,383.0,22.090722034374526,0.9958932064677039,-0.09053574604251853
383.0,0.0,0.0,11.045361017187263,0.9958932064677039,-0.09053574604251853
383.0,0.0,0.0,7.363574011458175,0.9958932064677039,-0.09053574604251853
387.0,0.0,0.0,11.045361017187263,0.9958932064677039,-0.09053574604251853
387.0,0.0,0.0,7.363574011458175,0.9958932064677039,-0.09053574604251853
387.0,0.0,0.0,5.5226805085936315,0.9958932064677039,-0.09053574604251853
391.0,658.0,347.0,120.50311199301038,0.9543322002063351,0.2987474713689397
391.0,657.0,348.0,1.4142135623730951,0.7071067811865475,-0.7071067811865475
391.0,646.0,348.0,11.0,1.0,0.0
395.0,621.0,353.0,25.495097567963924,0.9805806756909201,-0.19611613513818404
395.0,611.0,358.0,11.180339887498949,0.8944271909999159,-0.4472135954999579
395.0,596.0,367.0,17.4928556845359,0.8574929257125442,-0.5144957554275266
399.0,590.0,368.0,6.082762530298219,0.9863939238321437,-0.1643989873053573
399.0,578.0,378.0,15.62049935181331,0.7682212795973759,-0.6401843996644799
399.0,568.0,386.0,12.806248474865697,0.7808688094430304,-0.6246950475544243
403.0,551.0,406.0,26.248809496813376,0.6476484200955405,-0.7619393177594593
403.0,551.0,407.0,1.0,0.0,-1.0
403.0,543.0,416.0,12.041594578792296,0.6643638388299198,-0.7474093186836597
407.0,526.0,442.0,31.064449134018137,0.5472493629827029,-0.8369696139735456
407.0,521.0,453.0,12.083045973594572,0.413802944301184,-0.9103664774626047
407.0,511.0,471.0,20.591260281974005,0.48564293117863205,-0.8741572761215377
411.0,506.0,483.0,13.0,0.38461538461538464,-0.9230769230769231
411.0,501.0,495.0,13.0,0.38461538461538464,-0.9230769230769231
411.0,0.0,0.0,6.5,0.38461538461538464,-0.9230769230769231
415.0,0.0,0.0,6.5,0.38461538461538464,-0.9230769230769231
415.0,0.0,0.0,4.333333333333333,0.38461538461538464,-0.9230769230769231
415.0,491.0,290.0,205.24375751773792,0.0487225537134096,0.9988123511248966
419.0,486.0,235.0,55.226805085936306,0.09053574604251853,0.9958932064677039
419.0,486.0,217.0,18.0,0.0,1.0
419.0,486.0,193.0,24.0,0.0,1.0
423.0,486.0,181.0,12.0,0.0,1.0
423.0,486.0,167.0,14.0,0.0,1.0
423.0,486.0,156.0,11.0,0.0,1.0
427.0,486.0,141.0,15.0,0.0,1.0
427.0,486.0,140.0,1.0,0.0,1.0
427.0,486.0,133.0,7.0,0.0,1.0
431.0,486.0,126.0,7.0,0.0,1.0
431.0,486.0,123.0,3.0,0.0,1.0
431.0,486.0,123.0,0.0,0.0,0.0
435.0,486.0,123.0,0.0,0.0,0.0
435.0,486.0,123.0,0.0,0.0,0.0
435.0,488.0,126.0,3.605551275463989,-0.5547001962252291,-0.8320502943378437
439.0,490.0,133.0,7.280109889280518,-0.27472112789737807,-0.9615239476408232
439.0,491.0,136.0,3.1622776601683795,-0.31622776601683794,-0.9486832980505138
439.0,491.0,140.0,4.0,0.0,-1.0
443.0,491.0,156.0,16.0,0.0,-1.0
443.0,493.0,163.0,7.280109889280518,-0.27472112789737807,-0.9615239476408232
443.0,493.0,172.0,9.0,0.0,-1.0
447.0,496.0,183.0,11.40175425099138,-0.2631174057921088,-0.9647638212377322
447.0,496.0,193.0,10.0,0.0,-1.0
447.0,496.0,206.0,13.0,0.0,-1.0
451.0,498.0,231.0,25.07987240796891,-0.07974522228289,-0.996815278536125
451.0,498.0,231.0,0.0,0.0,0.0
451.0,498.0,241.0,10.0,0.0,-1.0
455.0,0.0,0.0,5.0,0.0,-1.0
455.0,0.0,0.0,3.3333333333333335,0.0,-1.0
455.0,595.0,223.0,98.65596788841516,-0.9832147215839174,0.18245221637639705
459.0,611.0,221.0,16.1245154965971,-0.9922778767136677,0.12403473458920847
459.0,628.0,216.0,17.72004514666935,-0.9593655015712707,0.28216632399155017
459.0,646.0,213.0,18.24828759089466,-0.9863939238321437,0.1643989873053573
463.0,675.0,216.0,29.154759474226502,-0.9946917938265513,-0.1028991510855053
463.0,675.0,216.0,0.0,0.0,0.0
463.0,686.0,216.0,11.0,-1.0,0.0
467.0,710.0,223.0,25.0,-0.96,-0.28
467.0,718.0,228.0,9.433981132056603,-0.847998304005088,-0.52999894000318
467.0,728.0,236.0,12.806248474865697,-0.7808688094430304,-0.6246950475544243
471.0,738.0,241.0,11.180339887498949,-0.8944271909999159,-0.4472135954999579
471.0,747.0,251.0,13.45362404707371,-0.6689647316224497,-0.7432941462471664
471.0,756.0,260.0,12.727922061357855,-0.7071067811865476,-0.7071067811865476
475.0,771.0,281.0,25.80697580112788,-0.5812381937190965,-0.813733471206735
475.0,771.0,281.0,0.0,0.0,0.0
475.0,777.0,291.0,11.661903789690601,-0.5144957554275265,-0.8574929257125441
479.0,791.0,318.0,30.413812651491103,-0.46031716445500037,-0.8877545314489294
479.0,796.0,331.0,13.92838827718412,-0.3589790793088691,-0.9333456062030595
479.0,802.0,348.0,18.027756377319943,-0.3328201177351375,-0.9429903335828895
483.0,806.0,363.0,15.524174696260024,-0.25766265056033233,-0.9662349396012463
483.0,811.0,376.0,13.92838827718412,-0.3589790793088691,-0.9333456062030595
483.0,0.0,0.0,6.96419413859206,-0.3589790793088691,-0.9333456062030595
487.0,0.0,0.0,6.96419413859206,-0.3589790793088691,-0.9333456062030595
487.0,0.0,0.0,4.642796092394706,-0.3589790793088691,-0.9333456062030595
487.0,0.0,0.0,3.48209706929603,-0.3589790793088691,-0.9333456062030595
491.0,633.0,316.0,187.84035775093702,0.9476131867040808,0.31942017529351036
491.0,621.0,316.0,12.0,1.0,0.0
491.0,607.0,313.0,14.317821063276353,0.9778024140774094,0.20952908873087345
495.0,593.0,315.0,14.142135623730951,0.9899494936611665,-0.1414213562373095
495.0,585.0,316.0,8.06225774829855,0.9922778767136677,-0.12403473458920847
495.0,573.0,321.0,13.0,0.9230769230769231,-0.38461538461538464
499.0,558.0,328.0,16.55294535724685,0.9061831399952655,-0.42288546533112387
499.0,558.0,328.0,0.0,0.0,0.0
499.0,551.0,333.0,8.602325267042627,0.813733471206735,-0.5812381937190965
503.0,538.0,346.0,18.384776310850235,0.7071067811865476,-0.7071067811865476
503.0,533.0,356.0,11.180339887498949,0.4472135954999579,-0.8944271909999159
503.0,528.0,363.0,8.602325267042627,0.5812381937190965,-0.813733471206735
507.0,523.0,371.0,9.433981132056603,0.52999894000318,-0.847998304005088
507.0,520.0,381.0,10.44030650891055,0.2873478855663454,-0.9578262852211513
507.0,516.0,388.0,8.06225774829855,0.49613893835683387,-0.8682431421244593
511.0,506.0,366.0,24.166091947189145,0.413802944301184,0.9103664774626047
511.0,506.0,365.0,1.0,0.0,1.0
511.0,506.0,353.0,12.0,0.0,1.0
515.0,506.0,338.0,15.0,0.0,1.0
515.0,503.0,336.0,3.605551275463989,0.8320502943378437,0.5547001962252291
515.0,501.0,333.0,3.605551275463989,0.5547001962252291,0.8320502943378437
519.0,496.0,331.0,5.385164807134504,0.9284766908852594,0.3713906763541037
519.0,496.0,331.0,0.0,0.0,0.0
519.0,493.0,331.0,3.0,1.0,0.0
523.0,491.0,336.0,5.385164807134504,0.3713906763541037,-0.9284766908852594
523.0,491.0,338.0,2.0,0.0,-1.0
523.0,488.0,341.0,4.242640687119285,0.7071067811865476,-0.7071067811865476
527.0,486.0,353.0,12.165525060596439,0.1643989873053573,-0.9863939238321437
527.0,483.0,361.0,8.54400374531753,0.3511234415883917,-0.9363291775690445
527.0,481.0,368.0,7.280109889280518,0.27472112789737807,-0.9615239476408232
531.0,481.0,380.0,12.0,0.0,-1.0
531.0,478.0,391.0,11.40175425099138,0.2631174057921088,-0.9647638212377322
531.0,476.0,402.0,11.180339887498949,0.17888543819998318,-0.9838699100999074
535.0,475.0,427.0,25.019992006393604,0.039968038348871575,-0.9992009587217894
535.0,476.0,427.0,1.0,-1.0,0.0
535.0,473.0,442.0,15.297058540778355,0.19611613513818402,-0.9805806756909201
539.0,471.0,473.0,31.064449134018137,0.06438227799796505,-0.9979253089684582
539.0,470.0,488.0,15.033296378372908,0.06651901052377393,-0.9977851578566089
539.0,0.0,0.0,7.516648189186454,0.06651901052377393,-0.9977851578566089
543.0,0.0,0.0,7.516648189186454,0.06651901052377393,-0.9977851578566089
543.0,478.0,471.0,18.788294228055936,-0.4257970363298796,0.9048187022009941
543.0,477.0,477.0,6.082762530298219,0.1643989873053573,-0.9863939238321437
547.0,0.0,0.0,3.0413812651491097,0.1643989873053573,-0.9863939238321437
547.0,461.0,211.0,266.48076853686837,0.0600418562579549,0.9981958602885002
547.0,461.0,191.0,20.0,0.0,1.0
551.0,461.0,148.0,43.0,0.0,1.0
551.0,461.0,133.0,15.0,0.0,1.0
551.0,461.0,117.0,16.0,0.0,1.0
555.0,461.0,106.0,11.0,0.0,1.0
555.0,461.0,96.0,10.0,0.0,1.0
555.0,463.0,86.0,10.198039027185569,-0.19611613513818404,0.9805806756909202
559.0,463.0,72.0,14.0,0.0,1.0
559.0,463.0,71.0,1.0,0.0,1.0
559.0,465.0,67.0,4.4721359549995805,-0.4472135954999579,0.8944271909999159
563.0,466.0,61.0,6.082762530298219,-0.1643989873053573,0.9863939238321437
563.0,466.0,61.0,0.0,0.0,0.0
563.0,466.0,61.0,0.0,0.0,0.0
567.0,468.0,61.0,2.0,-1.0,0.0
567.0,468.0,63.0,2.0,0.0,-1.0
567.0,471.0,66.0,4.242640687119285,-0.7071067811865476,-0.7071067811865476
571.0,472.0,78.0,12.041594578792296,-0.08304547985373997,-0.9965457582448796
571.0,473.0,78.0,1.0,-1.0,0.0
571.0,473.0,86.0,8.0,0.0,-1.0
575.0,476.0,101.0,15.297058540778355,-0.19611613513818402,-0.9805806756909201
575.0,478.0,111.0,10.198039027185569,-0.19611613513818404,-0.9805806756909202
575.0,478.0,121.0,10.0,0.0,-1.0
579.0,481.0,131.0,10.44030650891055,-0.2873478855663454,-0.9578262852211513
579.0,481.0,143.0,12.0,0.0,-1.0
579.0,481.0,156.0,13.0,0.0,-1.0
583.0,483.0,181.0,25.07987240796891,-0.07974522228289,-0.996815278536125
583.0,483.0,181.0,0.0,0.0,0.0
583.0,486.0,193.0,12.36931687685298,-0.242535625036333,-0.970142500145332
587.0,486.0,221.0,28.0,0.0,-1.0
587.0,487.0,236.0,15.033296378372908,-0.06651901052377393,-0.9977851578566089
587.0,511.0,251.0,28.30194339616981,-0.847998304005088,-0.52999894000318
591.0,553.0,263.0,43.68065933568311,-0.9615239476408232,-0.27472112789737807
591.0,575.0,273.0,24.166091947189145,-0.9103664774626047,-0.413802944301184
591.0,605.0,286.0,32.69556544854363,-0.9175556253099241,-0.3976074376343004
595.0,641.0,303.0,39.81205847478876,-0.9042486467459909,-0.4270063054078291
595.0,643.0,305.0,2.8284271247461903,-0.7071067811865475,-0.7071067811865475
595.0,661.0,316.0,21.095023109728988,-0.853281833651959,-0.5214500094539749
599.0,693.0,336.0,37.73592452822641,-0.847998304005088,-0.52999894000318
599.0,706.0,346.0,16.401219466856727,-0.7926239891046,-0.6097107608496923
599.0,716.0,357.0,14.866068747318506,-0.6726727939963124,-0.7399400733959437
603.0,731.0,371.0,20.518284528683193,-0.7310552682428689,-0.682318250360011
603.0,741.0,381.0,14.142135623730951,-0.7071067811865475,-0.7071067811865475
603.0,753.0,396.0,19.209372712298546,-0.6246950475544243,-0.7808688094430304
607.0,771.0,423.0,32.449961479175904,-0.5547001962252291,-0.8320502943378436
607.0,773.0,425.0,2.8284271247461903,-0.7071067811865475,-0.7071067811865475
607.0,783.0,441.0,18.867962264113206,-0.52999894000318,-0.847998304005088
611.0,800.0,472.0,35.35533905932737,-0.4808326112068523,-0.8768124086713189
611.0,807.0,488.0,17.464249196572982,-0.4008188340197078,-0.9161573349021892
611.0,813.0,503.0,16.15549442140351,-0.3713906763541038,-0.9284766908852594
615.0,821.0,486.0,18.788294228055936,-0.4257970363298796,0.9048187022009941
615.0,818.0,465.0,21.213203435596427,0.1414213562373095,0.9899494936611665
615.0,816.0,441.0,24.08318915758459,0.08304547985373997,0.9965457582448796
619.0,816.0,421.0,20.0,0.0,1.0
619.0,817.0,418.0,3.1622776601683795,-0.31622776601683794,0.9486832980505138
619.0,818.0,405.0,13.038404810405298,-0.07669649888473704,0.9970544855015815
623.0,816.0,386.0,19.1049731745428,0.10468478451804275,0.9945054529214061
623.0,816.0,381.0,5.0,0.0,1.0
623.0,813.0,376.0,5.830951894845301,0.5144957554275265,0.8574929257125441
627.0,811.0,371.0,5.385164807134504,0.3713906763541037,0.9284766908852594
627.0,811.0,368.0,3.0,0.0,1.0
627.0,810.0,367.0,1.4142135623730951,0.7071067811865475,0.7071067811865475
631.0,808.0,368.0,2.2360679774997902,0.8944271909999159,-0.4472135954999579
631.0,808.0,368.0,0.0,0.0,0.0
631.0,810.0,370.0,2.8284271247461903,-0.7071067811865475,-0.7071067811865475
635.0,811.0,378.0,8.06225774829855,-0.12403473458920847,-0.9922778767136677
635.0,811.0,383.0,5.0,0.0,-1.0
635.0,810.0,391.0,8.06225774829855,0.12403473458920847,-0.9922778767136677
639.0,811.0,398.0,7.0710678118654755,-0.1414213562373095,-0.9899494936611665
639.0,810.0,406.0,8.06225774829855,0.12403473458920847,-0.9922778767136677
639.0,810.0,416.0,10.0,0.0,-1.0
643.0,811.0,438.0,22.02271554554524,-0.045407660918649985,-0.9989685402102997
643.0,811.0,438.0,0.0,0.0,0.0
643.0,811.0,415.0,23.0,0.0,1.0
647.0,0.0,0.0,11.5,0.0,1.0
647.0,0.0,0.0,7.666666666666667,0.0,1.0
647.0,0.0,0.0,5.75,0.0,1.0
651.0,827.0,135.0,280.4567702873297,-0.057049790538512946,0.9983713344239766
651.0,831.0,110.0,25.317977802344327,-0.15799050110667284,0.9874406319167053
651.0,831.0,80.0,30.0,0.0,1.0
655.0,836.0,38.0,42.2965719651132,-0.11821288978511235,0.9929882741949437
655.0,835.0,38.0,1.0,1.0,0.0
655.0,837.0,18.0,20.09975124224178,-0.09950371902099892,0.9950371902099892
659.0,0.0,0.0,10.04987562112089,-0.09950371902099892,0.9950371902099892
659.0,0.0,0.0,6.69991708074726,-0.09950371902099892,0.9950371902099892
659.0,0.0,0.0,5.024937810560445,-0.09950371902099892,0.9950371902099892
663.0,0.0,0.0,10.04987562112089,-0.09950371902099892,0.9950371902099892
663.0,0.0,0.0,6.69991708074726,-0.09950371902099892,0.9950371902099892
663.0,0.0,0.0,5.024937810560445,-0.09950371902099892,0.9950371902099892
667.0,0.0,0.0,10.04987562112089,-0.09950371902099892,0.9950371902099892
667.0,0.0,0.0,6.69991708074726,-0.09950371902099892,0.9950371902099892
667.0,0.0,0.0,5.024937810560445,-0.09950371902099892,0.9950371902099892
671.0,0.0,0.0,10.04987562112089,-0.09950371902099892,0.9950371902099892
671.0,0.0,0.0,6.69991708074726,-0.09950371902099892,0.9950371902099892
671.0,0.0,0.0,5.024937810560445,-0.09950371902099892,0.9950371902099892
675.0,0.0,0.0,10.04987562112089,-0.09950371902099892,0.9950371902099892
675.0,0.0,0.0,6.69991708074726,-0.09950371902099892,0.9950371902099892
675.0,0.0,0.0,5.024937810560445,-0.09950371902099892,0.9950371902099892
679.0,846.0,5.0,15.811388300841896,-0.5692099788303083,0.8221921916437787
679.0,846.0,5.0,0.0,0.0,0.0
679.0,846.0,16.0,11.0,0.0,-1.0
683.0,843.0,45.0,29.154759474226502,0.1028991510855053,-0.9946917938265513
683.0,843.0,61.0,16.0,0.0,-1.0
683.0,841.0,76.0,15.132745950421556,0.13216372009101796,-0.9912279006826347
687.0,841.0,97.0,21.0,0.0,-1.0
687.0,841.0,115.0,18.0,0.0,-1.0
687.0,841.0,131.0,16.0,0.0,-1.0
691.0,838.0,171.0,40.11234224026316,0.07478994824163422,-0.9971993098884563
691.0,838.0,171.0,0.0,0.0,0.0
691.0,838.0,195.0,24.0,0.0,-1.0
695.0,836.0,235.0,40.049968789001575,0.04993761694389223,-0.9987523388778445
695.0,836.0,258.0,23.0,0.0,-1.0
695.0,836.0,276.0,18.0,0.0,-1.0
699.0,835.0,301.0,25.019992006393604,0.039968038348871575,-0.9992009587217894
699.0,833.0,323.0,22.090722034374526,0.09053574604251853,-0.9958932064677039
699.0,833.0,343.0,20.0,0.0,-1.0
703.0,833.0,388.0,45.0,0.0,-1.0
703.0,833.0,390.0,2.0,0.0,-1.0
703.0,831.0,416.0,26.076809620810597,0.07669649888473704,-0.9970544855015815
707.0,811.0,333.0,85.37564055396598,0.23425885733013027,0.9721742579200406
707.0,793.0,260.0,75.18643494673756,0.23940488750066802,0.970919821530487
707.0,786.0,225.0,35.69313659514949,0.19611613513818402,0.9805806756909201
711.0,777.0,185.0,41.0,0.21951219512195122,0.975609756097561
711.0,772.0,161.0,24.515301344262525,0.20395425411200105,0.9789804197376051
711.0,768.0,145.0,16.492422502470642,0.24253562503633297,0.9701425001453319
715.0,761.0,111.0,34.713109915419565,0.20165292067048707,0.9794570432566515
715.0,761.0,111.0,0.0,0.0,0.0
715.0,758.0,101.0,10.44030650891055,0.2873478855663454,0.9578262852211513
719.0,755.0,86.0,15.297058540778355,0.19611613513818402,0.9805806756909201
719.0,753.0,81.0,5.385164807134504,0.3713906763541037,0.9284766908852594
719.0,751.0,77.0,4.4721359549995805,0.4472135954999579,0.8944271909999159
723.0,751.0,76.0,1.0,0.0,1.0
723.0,748.0,76.0,3.0,1.0,0.0
723.0,748.0,76.0,0.0,0.0,0.0
727.0,746.0,78.0,2.8284271247461903,0.7071067811865475,-0.7071067811865475
727.0,746.0,80.0,2.0,0.0,-1.0
727.0,746.0,81.0,1.0,0.0,-1.0
731.0,746.0,92.0,11.0,0.0,-1.0
731.0,746.0,98.0,6.0,0.0,-1.0
731.0,746.0,106.0,8.0,0.0,-1.0
735.0,746.0,113.0,7.0,0.0,-1.0
735.0,746.0,123.0,10.0,0.0,-1.0
735.0,746.0,131.0,8.0,0.0,-1.0
739.0,746.0,153.0,22.0,0.0,-1.0
739.0,746.0,153.0,0.0,0.0,0.0
739.0,746.0,163.0,10.0,0.0,-1.0
743.0,746.0,186.0,23.0,0.0,-1.0
743.0,746.0,201.0,15.0,0.0,-1.0
743.0,748.0,211.0,10.198039027185569,-0.19611613513818404,-0.9805806756909202
747.0,756.0,193.0,19.697715603592208,-0.40613846605344767,0.9138115486202573
747.0,763.0,185.0,10.63014581273465,-0.658504607868518,0.7525766947068778
747.0,768.0,178.0,8.602325267042627,-0.5812381937190965,0.813733471206735
751.0,778.0,171.0,12.206555615733702,-0.8192319205190405,0.5734623443633283
751.0,778.0,171.0,0.0,0.0,0.0
751.0,781.0,171.0,3.0,-1.0,0.0
755.0,790.0,171.0,9.0,-1.0,0.0
755.0,791.0,173.0,2.2360679774997902,-0.4472135954999579,-0.8944271909999159
755.0,796.0,176.0,5.830951894845301,-0.8574929257125441,-0.5144957554275265
759.0,798.0,181.0,5.385164807134504,-0.3713906763541037,-0.9284766908852594
759.0,801.0,187.0,6.708203932499369,-0.4472135954999579,-0.8944271909999159
759.0,803.0,193.0,6.324555320336759,-0.31622776601683794,-0.9486832980505138
763.0,807.0,211.0,18.439088914585774,-0.21693045781865616,-0.9761870601839528
763.0,807.0,211.0,0.0,0.0,0.0
763.0,808.0,220.0,9.055385138137417,-0.11043152607484653,-0.9938837346736188
767.0,812.0,243.0,23.345235059857504,-0.17134117475124774,-0.9852117548196745
767.0,813.0,256.0,13.038404810405298,-0.07669649888473704,-0.9970544855015815
767.0,816.0,268.0,12.36931687685298,-0.242535625036333,-0.970142500145332
771.0,816.0,285.0,17.0,0.0,-1.0
771.0,816.0,301.0,16.0,0.0,-1.0
771.0,818.0,313.0,12.165525060596439,-0.1643989873053573,-0.9863939238321437
775.0,821.0,348.0,35.12833614050059,-0.0854011413464358,-0.996346649041751
775.0,821.0,350.0,2.0,0.0,-1.0
775.0,821.0,362.0,12.0,0.0,-1.0
779.0,821.0,402.0,40.0,0.0,-1.0
779.0,821.0,423.0,21.0,0.0,-1.0
779.0,821.0,433.0,10.0,0.0,-1.0
783.0,0.0,0.0,5.0,0.0,-1.0
783.0,0.0,0.0,3.3333333333333335,0.0,-1.0
783.0,801.0,265.0,169.1862878604528,0.11821288978511235,0.9929882741949437
787.0,793.0,213.0,52.61178575186362,0.1520571842539411,0.9883716976506172
787.0,793.0,212.0,1.0,0.0,1.0
787.0,791.0,197.0,15.132745950421556,0.13216372009101796,0.9912279006826347
791.0,788.0,173.0,24.186773244895644,0.12403473458920847,0.9922778767136677
791.0,788.0,165.0,8.0,0.0,1.0
791.0,787.0,158.0,7.0710678118654755,0.1414213562373095,0.9899494936611665
795.0,786.0,153.0,5.0990195135927845,0.19611613513818404,0.9805806756909202
795.0,786.0,151.0,2.0,0.0,1.0
795.0,786.0,150.0,1.0,0.0,1.0
799.0,786.0,150.0,0.0,0.0,0.0
799.0,786.0,151.0,1.0,0.0,-1.0
799.0,786.0,151.0,0.0,0.0,0.0
803.0,786.0,157.0,6.0,0.0,-1.0
803.0,786.0,161.0,4.0,0.0,-1.0
803.0,786.0,168.0,7.0,0.0,-1.0
807.0,786.0,173.0,5.0,0.0,-1.0
807.0,786.0,181.0,8.0,0.0,-1.0
807.0,786.0,188.0,7.0,0.0,-1.0
811.0,788.0,207.0,19.1049731745428,-0.10468478451804275,-0.9945054529214061
811.0,788.0,208.0,1.0,0.0,-1.0
811.0,788.0,216.0,8.0,0.0,-1.0
815.0,0.0,0.0,4.0,0.0,-1.0
815.0,722.0,211.0,66.18912297349165,0.9971426880279499,0.07554111272939015
815.0,703.0,206.0,19.6468827043885,0.9670745372626465,0.2544932992796438
819.0,688.0,205.0,15.033296378372908,0.9977851578566089,0.06651901052377393
819.0,671.0,203.0,17.11724276862369,0.9931506043228762,0.1168412475673972
819.0,658.0,205.0,13.152946437965905,0.9883716976506172,-0.1520571842539411
823.0,636.0,208.0,22.20360331117452,0.9908301680442989,-0.13511320473331348
823.0,635.0,211.0,3.1622776601683795,0.31622776601683794,-0.9486832980505138
823.0,626.0,211.0,9.0,1.0,0.0
827.0,606.0,223.0,23.323807579381203,0.8574929257125441,-0.5144957554275265
827.0,598.0,230.0,10.63014581273465,0.7525766947068778,-0.658504607868518
827.0,591.0,237.0,9.899494936611665,0.7071067811865476,-0.7071067811865476
831.0,583.0,246.0,12.041594578792296,0.6643638388299198,-0.7474093186836597
831.0,576.0,256.0,12.206555615733702,0.5734623443633283,-0.8192319205190405
831.0,568.0,266.0,12.806248474865697,0.6246950475544243,-0.7808688094430304
835.0,556.0,291.0,27.730849247724095,0.4327310675847713,-0.9015230574682735
835.0,556.0,292.0,1.0,0.0,-1.0
835.0,550.0,303.0,12.529964086141668,0.4788521306805733,-0.8778955729143844
839.0,538.0,331.0,30.463092423455635,0.39391929857916763,-0.9191450300180578
839.0,531.0,348.0,18.384776310850235,0.38074980525429486,-0.924678098474716
839.0,526.0,363.0,15.811388300841896,0.31622776601683794,-0.9486832980505138
843.0,521.0,378.0,15.811388300841896,0.31622776601683794,-0.9486832980505138
843.0,516.0,398.0,20.615528128088304,0.24253562503633297,-0.9701425001453319
843.0,513.0,415.0,17.26267650163207,0.17378533390904768,-0.9847835588179369
847.0,0.0,0.0,8.631338250816034,0.17378533390904768,-0.9847835588179369
847.0,0.0,0.0,5.754225500544022,0.17378533390904768,-0.9847835588179369
847.0,0.0,0.0,4.315669125408017,0.17378533390904768,-0.9847835588179369
851.0,516.0,153.0,262.01717500957835,-0.011449631116320262,0.9999344508253029
851.0,516.0,132.0,21.0,0.0,1.0
851.0,517.0,111.0,21.02379604162864,-0.047565149415449405,0.9988681377244375
855.0,518.0,96.0,15.033296378372908,-0.06651901052377393,0.9977851578566089
855.0,518.0,85.0,11.0,0.0,1.0
855.0,521.0,76.0,9.486832980505138,-0.31622776601683794,0.9486832980505138
859.0,522.0,61.0,15.033296378372908,-0.06651901052377393,0.9977851578566089
859.0,523.0,61.0,1.0,-1.0,0.0
859.0,523.0,57.0,4.0,0.0,1.0
863.0,526.0,53.0,5.0,-0.6,0.8
863.0,527.0,53.0,1.0,-1.0,0.0
863.0,528.0,53.0,1.0,-1.0,0.0
867.0,531.0,56.0,4.242640687119285,-0.7071067811865476,-0.7071067811865476
867.0,531.0,58.0,2.0,0.0,-1.0
867.0,532.0,62.0,4.123105625617661,-0.24253562503633297,-0.9701425001453319
871.0,536.0,75.0,13.601470508735444,-0.2940858488375231,-0.95577900872195
871.0,536.0,76.0,1.0,0.0,-1.0
871.0,536.0,81.0,5.0,0.0,-1.0
875.0,538.0,97.0,16.1245154965971,-0.12403473458920847,-0.9922778767136677
875.0,541.0,106.0,9.486832980505138,-0.31622776601683794,-0.9486832980505138
875.0,541.0,116.0,10.0,0.0,-1.0
879.0,543.0,126.0,10.198039027185569,-0.19611613513818404,-0.9805806756909202
879.0,543.0,138.0,12.0,0.0,-1.0
879.0,546.0,150.0,12.36931687685298,-0.242535625036333,-0.970142500145332
883.0,546.0,176.0,26.0,0.0,-1.0
883.0,546.0,176.0,0.0,0.0,0.0
883.0,548.0,186.0,10.198039027185569,-0.19611613513818404,-0.9805806756909202
887.0,551.0,213.0,27.16615541441225,-0.11043152607484655,-0.9938837346736189
887.0,551.0,226.0,13.0,0.0,-1.0
887.0,537.0,242.0,21.2602916254693,0.658504607868518,-0.7525766947068778
891.0,531.0,248.0,8.48528137423857,0.7071067811865476,-0.7071067811865476
891.0,526.0,261.0,13.92838827718412,0.3589790793088691,-0.9333456062030595
891.0,520.0,268.0,9.219544457292887,0.6507913734559685,-0.7592566023652966
895.0,511.0,290.0,23.769728648009426,0.3786328457205041,-0.9255469562056767
895.0,511.0,291.0,1.0,0.0,-1.0
895.0,508.0,298.0,7.615773105863909,0.39391929857916763,-0.9191450300180578
899.0,501.0,321.0,24.041630560342615,0.29116161578269606,-0.9566738804288585
899.0,501.0,333.0,12.0,0.0,-1.0
899.0,496.0,348.0,15.811388300841896,0.31622776601683794,-0.9486832980505138
903.0,495.0,361.0,13.038404810405298,0.07669649888473704,-0.9970544855015815
903.0,492.0,375.0,14.317821063276353,0.20952908873087345,-0.9778024140774094
903.0,491.0,388.0,13.038404810405298,0.07669649888473704,-0.9970544855015815
907.0,486.0,420.0,32.38826948140329,0.1543768802736096,-0.9880120337511015
907.0,486.0,421.0,1.0,0.0,-1.0
907.0,486.0,433.0,12.0,0.0,-1.0
911.0,481.0,468.0,35.35533905932737,0.1414213562373095,-0.9899494936611665
911.0,481.0,483.0,15.0,0.0,-1.0
911.0,478.0,506.0,23.194827009486403,0.12933918406776806,-0.9916004111862218
915.0,476.0,520.0,14.142135623730951,0.1414213562373095,-0.9899494936611665
915.0,477.0,506.0,14.035668847618199,-0.07124704998790965,0.9974586998307351
915.0,483.0,486.0,20.8806130178211,-0.2873478855663454,0.9578262852211513
919.0,0.0,0.0,10.44030650891055,-0.2873478855663454,0.9578262852211513
919.0,468.0,491.0,15.811388300841896,0.9486832980505138,-0.31622776601683794
919.0,0.0,0.0,7.905694150420948,0.9486832980505138,-0.31622776601683794
923.0,0.0,0.0,7.905694150420948,0.9486832980505138,-0.31622776601683794
923.0,0.0,0.0,5.2704627669473,0.9486832980505138,-0.31622776601683794
923.0,487.0,223.0,268.6726632912251,-0.07071802455542392,0.9974963463607164
927.0,488.0,211.0,12.041594578792296,-0.08304547985373997,0.9965457582448796
927.0,491.0,201.0,10.44030650891055,-0.2873478855663454,0.9578262852211513
927.0,491.0,191.0,10.0,0.0,1.0
931.0,493.0,178.0,13.152946437965905,-0.1520571842539411,0.9883716976506172
931.0,493.0,177.0,1.0,0.0,1.0
931.0,496.0,175.0,3.605551275463989,-0.8320502943378437,0.5547001962252291
935.0,498.0,168.0,7.280109889280518,-0.27472112789737807,0.9615239476408232
935.0,498.0,168.0,0.0,0.0,0.0
935.0,501.0,171.0,4.242640687119285,-0.7071067811865476,-0.7071067811865476
939.0,502.0,171.0,1.0,-1.0,0.0
939.0,503.0,173.0,2.2360679774997902,-0.4472135954999579,-0.8944271909999159
939.0,506.0,178.0,5.830951894845301,-0.5144957554275265,-0.8574929257125441
943.0,508.0,188.0,10.198039027185569,-0.19611613513818404,-0.9805806756909202
943.0,508.0,191.0,3.0,0.0,-1.0
943.0,511.0,196.0,5.830951894845301,-0.5144957554275265,-0.8574929257125441
947.0,513.0,211.0,15.132745950421556,-0.13216372009101796,-0.9912279006826347
947.0,516.0,221.0,10.44030650891055,-0.2873478855663454,-0.9578262852211513
947.0,516.0,231.0,10.0,0.0,-1.0
951.0,516.0,241.0,10.0,0.0,-1.0
951.0,510.0,241.0,6.0,1.0,0.0
951.0,496.0,236.0,14.866068747318506,0.9417419115948374,0.3363363969981562
955.0,481.0,231.0,15.811388300841896,0.9486832980505138,0.31622776601683794
955.0,481.0,231.0,0.0,0.0,0.0
955.0,476.0,231.0,5.0,1.0,0.0
959.0,466.0,231.0,10.0,1.0,0.0
959.0,461.0,236.0,7.0710678118654755,0.7071067811865475,-0.7071067811865475
959.0,458.0,238.0,3.605551275463989,0.8320502943378437,-0.5547001962252291
963.0,453.0,243.0,7.0710678118654755,0.7071067811865475,-0.7071067811865475
963.0,451.0,248.0,5.385164807134504,0.3713906763541037,-0.9284766908852594
963.0,448.0,256.0,8.54400374531753,0.3511234415883917,-0.9363291775690445
967.0,442.0,272.0,17.08800749063506,0.3511234415883917,-0.9363291775690445
967.0,441.0,275.0,3.1622776601683795,0.31622776601683794,-0.9486832980505138
967.0,441.0,281.0,6.0,0.0,-1.0
971.0,433.0,303.0,23.40939982143925,0.3417430630867044,-0.939793423488437
971.0,431.0,316.0,13.152946437965905,0.1520571842539411,-0.9883716976506172
971.0,430.0,330.0,14.035668847618199,0.07124704998790965,-0.9974586998307351
975.0,427.0,343.0,13.341664064126332,0.22485950669875843,-0.9743911956946198
975.0,426.0,356.0,13.038404810405298,0.07669649888473704,-0.9970544855015815
975.0,423.0,373.0,17.26267650163207,0.17378533390904768,-0.9847835588179369
979.0,420.0,407.0,34.132096331752024,0.08789381029635715,-0.996129850025381
979.0,418.0,407.0,2.0,1.0,0.0
979.0,416.0,423.0,16.1245154965971,0.12403473458920847,-0.9922778767136677
983.0,413.0,462.0,39.11521443121589,0.07669649888473705,-0.9970544855015816
983.0,411.0,478.0,16.1245154965971,0.12403473458920847,-0.9922778767136677
983.0,411.0,501.0,23.0,0.0,-1.0
987.0,408.0,521.0,20.223748416156685,0.14834045293024462,-0.9889363528682975
987.0,406.0,538.0,17.11724276862369,0.1168412475673972,-0.9931506043228762
987.0,0.0,0.0,8.558621384311845,0.1168412475673972,-0.9931506043228762
991.0,0.0,0.0,8.558621384311845,0.1168412475673972,-0.9931506043228762
991.0,0.0,0.0,5.705747589541231,0.1168412475673972,-0.9931506043228762
991.0,0.0,0.0,4.2793106921559225,0.1168412475673972,-0.9931506043228762
995.0,398.0,666.0,128.2497563350512,0.06237828615518053,-0.9980525784828885
995.0,401.0,661.0,5.830951894845301,-0.5144957554275265,0.8574929257125441
995.0,402.0,656.0,5.0990195135927845,-0.19611613513818404,0.9805806756909202
999.0,0.0,0.0,2.5495097567963922,-0.19611613513818404,0.9805806756909202
999.0,0.0,0.0,1.699673171197595,-0.19611613513818404,0.9805806756909202
999.0,0.0,0.0,1.2747548783981961,-0.19611613513818404,0.9805806756909202
1003.0,0.0,0.0,2.5495097567963922,-0.19611613513818404,0.9805806756909202
1003.0,0.0,0.0,1.699673171197595,-0.19611613513818404,0.9805806756909202
1003.0,0.0,0.0,1.2747548783981961,-0.19611613513818404,0.9805806756909202
1007.0,0.0,0.0,2.5495097567963922,-0.19611613513818404,0.9805806756909202
1007.0,0.0,0.0,1.699673171197595,-0.19611613513818404,0.9805806756909202
1007.0,0.0,0.0,1.2747548783981961,-0.19611613513818404,0.9805806756909202
1011.0,415.0,668.0,17.69180601295413,-0.7348034446274879,-0.6782801027330658
1011.0,416.0,671.0,3.1622776601683795,-0.31622776601683794,-0.9486832980505138
1011.0,416.0,671.0,0.0,0.0,0.0
1015.0,0.0,0.0,0.0,0.0,0.0
1015.0,0.0,0.0,0.0,0.0,0.0
1015.0,0.0,0.0,0.0,0.0,0.0
1019.0,586.0,361.0,353.5533905932738,-0.4808326112068523,0.8768124086713189
1019.0,586.0,356.0,5.0,0.0,1.0
1019.0,583.0,353.0,4.242640687119285,0.7071067811865476,0.7071067811865476
1023.0,0.0,0.0,2.1213203435596424,0.7071067811865476,0.7071067811865476
1023.0,0.0,0.0,1.414213562373095,0.7071067811865476,0.7071067811865476
1023.0,0.0,0.0,1.0606601717798212,0.7071067811865476,0.7071067811865476
1027.0,0.0,0.0,2.1213203435596424,0.7071067811865476,0.7071067811865476
1027.0,0.0,0.0,1.414213562373095,0.7071067811865476,0.7071067811865476
1027.0,0.0,0.0,1.0606601717798212,0.7071067811865476,0.7071067811865476
1031.0,0.0,0.0,2.1213203435596424,0.7071067811865476,0.7071067811865476
1031.0,0.0,0.0,1.414213562373095,0.7071067811865476,0.7071067811865476
1031.0,0.0,0.0,1.0606601717798212,0.7071067811865476,0.7071067811865476
1035.0,421.0,671.0,356.8865365911132,0.45392578141888346,-0.8910394968592897
1035.0,421.0,671.0,0.0,0.0,0.0
1035.0,421.0,671.0,0.0,0.0,0.0
